j.o.l74,【J.O.L 】代表 片桐 慶之,https://www.tiktok.com/@j.o.l74
j.o.l78,前原　京典@転職相談おじさん,https://www.tiktok.com/@j.o.l78
gachupin_y,gachupin_y,https://www.tiktok.com/@gachupin_y
mrm0115,まみ🎽,https://www.tiktok.com/@mrm0115
user3568305345600,あつこ🎐🎽,https://www.tiktok.com/@user3568305345600
flower._.of._.love.0411,Mi☕🌙,https://www.tiktok.com/@flower._.of._.love.0411
kaguya9083,kaguya 羽紅,https://www.tiktok.com/@kaguya9083
naoko2373,オカンnaoko👑🦍🎽🐈✨,https://www.tiktok.com/@naoko2373
xx.3kidsmam.xx,3児母ゆき❄️💜,https://www.tiktok.com/@xx.3kidsmam.xx
user5080771734673,鶏右衛門,https://www.tiktok.com/@user5080771734673
tanemashingan_uoxou_,たね,https://www.tiktok.com/@tanemashingan_uoxou_
s____nz062,さな,https://www.tiktok.com/@s____nz062
user2115808794174,ぷに仔,https://www.tiktok.com/@user2115808794174
beru_hhabc,ベル,https://www.tiktok.com/@beru_hhabc
oinari0422,おいなり,www.tiktok.com/@oinari0422
gomatomame,ごまとまめ,https://www.tiktok.com/@gomatomame
user9577863834239,🎽マ🥚🍤🩵ッ⚓🌳👓サ,https://www.tiktok.com/@user9577863834239
donbeikun9999,☠️やらかしタロー☠️,https://www.tiktok.com/@donbeikun9999
pmpmpmsmsmsm,jamjam,www.tiktok.com/@pmpmpmsmsmsm
mitsuo.y4,PLACE/ゲーム好物者,https://www.tiktok.com/@mitsuo.y4
dydbcp6ot05h,ベニマル🎽,https://www.tiktok.com/@dydbcp6ot05h
hatomoon_,はとむぎ,https://www.tiktok.com/@hatomoon_
j.o.l81,J.O.L,www.tiktok.com/@j.o.l81
korinko26,心❤️,www.tiktok.com/@korinko26
l5332541,🌸さくら🌸,www.tiktok.com/@l5332541
rukichi.nty,◈うき➹◈,https://www.tiktok.com/@rukichi.nty
ooo93o,あむら🧸🖤,https://www.tiktok.com/@ooo93o
seisuke06,Seisuke/アンデコレイト,https://www.tiktok.com/@seisuke06
ama13918,👻AMA。,www.tiktok.com/@ama13918
j.uotami.0309,♛じゅん♛🚬🕶,www.tiktok.com/@j.uotami.0309
ceo1014,🦁CEO🦁,www.tiktok.com/@ceo1014
.821395,🌻ギフ禁ひまわりともにゃ🐈‍⬛ わがまま猫娘最終章🌻,https://www.tiktok.com/@.821395
irim4_kun,いりま,https://www.tiktok.com/@irim4_kun
mimico121,みこ,www.tiktok.com/@mimico121
sotinynkiiiii,あ,https://www.tiktok.com/@sotinynkiiiii
miuchan_197,miumiu🧸💖,https://www.tiktok.com/@miuchan_197
t.o.p_u_jin_,🔆≒ユージン≒🔆,https://www.tiktok.com/@t.o.p_u_jin_
d_low_voice,アマおじ🎤,https://www.tiktok.com/@d_low_voice
taka19427,taka0526_0901,https://www.tiktok.com/@taka19427
s_uuuuta17,だだ,https://www.tiktok.com/@s_uuuuta17
mayumi.karada.care,アサミグレース👣,https://www.tiktok.com/@mayumi.karada.care
sa1maru,sa1maru,https://www.tiktok.com/@sa1maru
fuwahdfbg6j,Kaori,https://www.tiktok.com/@fuwahdfbg6j
nagomi.kitchen,ひみ,https://www.tiktok.com/@nagomi.kitchen
ryoryoryotaiyo,りょりょ,www.tiktok.com/@ryoryoryotaiyo
user407922204,town,www.tiktok.com/@user407922204
marunori05,marunori05,https://www.tiktok.com/@marunori05
ayumu1134952,ayumu1134952,https://www.tiktok.com/@ayumu1134952
genesis07865,Genesis合同会社公式,https://www.tiktok.com/@genesis07865
mimonerunerune,mimonerunerune,https://www.tiktok.com/@mimonerunerune
user5514005492109,りお,https://www.tiktok.com/@user5514005492109
kuniko.endo,☠️くーちゃん☠️🎽🦁,www.tiktok.com/@kuniko.endo
kattyann56,カッチャン,www.tiktok.com/@kattyann56
user42828154182587,もとぺ？,https://www.tiktok.com/@user42828154182587
haaaachan0927,はーちゃんママ🌺,https://www.tiktok.com/@haaaachan0927
kawamii12,小悪魔💋🪽,https://www.tiktok.com/@kawamii12
user13320402388348,パナソニック,https://www.tiktok.com/@user13320402388348
user9558606925745,江上　啓太,www.tiktok.com/@user9558606925745
ragi196,らぎ,www.tiktok.com/@ragi196
pokari7899,へりをす,https://www.tiktok.com/@pokari7899
user5903964249,ドンドン,https://www.tiktok.com/@user5903964249
ritu_1115,ジンヤ,www.tiktok.com/@ritu_1115
user121591542,🍄💃💃（🦝けんちゃん🦝）💃💃🍄,https://www.tiktok.com/@user121591542
userk3k0i1ncqc,ララ,https://www.tiktok.com/@userk3k0i1ncqc
kokoro_therapy,えーたん🍀🧸🍀こころセラピー,https://www.tiktok.com/@kokoro_therapy
nika_kun0401,にか,https://www.tiktok.com/@nika_kun0401
m.riku.dancing,りくさんチーム,https://www.tiktok.com/@m.riku.dancing
kairagi_yasuko,靖子,https://www.tiktok.com/@kairagi_yasuko
cosmo_star_1,cosmo_star_1,https://www.tiktok.com/@cosmo_star_1
user2611614493438,海の幸,www.tiktok.com/@user2611614493438
chll0928,chll0928,www.tiktok.com/@chll0928
daminko3372,daminko3372,https://www.tiktok.com/@daminko3372
kohatyan22556633,kohatyan22556633,https://www.tiktok.com/@kohatyan22556633
ootyanz527946,ootyanz527946,https://www.tiktok.com/@ootyanz527946
jiwardfinzq,🍎あおのもり🍎,www.tiktok.com/@jiwardfinzq
fene1214,はなり,https://www.tiktok.com/@fene1214
ikkurrex7ja,奏良『そら』,https://www.tiktok.com/@ikkurrex7ja
undecorate1115,アンデコレイト,https://www.tiktok.com/@undecorate1115
user6563271284741,はなちゃん,https://www.tiktok.com/@user6563271284741
chibisuke_bba,Chibi sukE,https://www.tiktok.com/@chibisuke_bba
yyuukkii0402,yukiんこ😈,https://www.tiktok.com/@yyuukkii0402
yukadanbou3,yukadanbou3,https://www.tiktok.com/@yukadanbou3
mizuki2525214,💋一条美月-Mizuki-💋,https://www.tiktok.com/@mizuki2525214
2161646824,まゆみ♥️💗💛,https://www.tiktok.com/@MS4wLjABAAAAsXuhDtVotP7NnubhDTh5y9dd0M1uPi08O3CEf5Imc7Uh6eUNODt4sSGAKvhkR93L?_r=1&_t=ZS-93qd8BkPmTK
shintaro_77700,しんたろー,https://www.tiktok.com/@shintaro_77700
tago6002,tago,https://www.tiktok.com/@tago6002
qwntrirkjwo,ネンネン,https://www.tiktok.com/@qwntrirkjwo
user58402831659341,チョッパー,https://www.tiktok.com/@user58402831659341
korkurumin,ジェロ🪓,https://www.tiktok.com/@korkurumin
user8187695494757,あひーる🐥,https://www.tiktok.com/@user8187695494757
hatahhat,ハタハタ🐟,https://www.tiktok.com/@hatahhat
yumeranran,🎶🎵★YUME★ranran★🎵🎶,https://www.tiktok.com/@yumeranran
karaindaisuki,なるりれ,www.tiktok.com/@karaindaisuki
yuna105100,ゆりこ,https://www.tiktok.com/@yuna105100
lavare3588,みー,https://www.tiktok.com/@lavare3588